instant,dteday,season,yr,mnth,holiday,weekday,workingday,weathersit,temp,atemp,hum,windspeed,casual,registered,cnt
366,1/1/2012,1,1,1,0,0,0,1,0.37,0.375621,0.6925,0.192167,686,1608,2294
367,2/1/2012,1,1,1,1,1,0,1,0.273043,0.252304,0.381304,0.329665,244,1707,1951
368,3/1/2012,1,1,1,0,2,1,1,0.15,0.126275,0.44125,0.365671,89,2147,2236
369,4/1/2012,1,1,1,0,3,1,2,0.1075,0.119337,0.414583,0.1847,95,2273,2368
370,5/1/2012,1,1,1,0,4,1,1,0.265833,0.278412,0.524167,0.129987,140,3132,3272
371,6/1/2012,1,1,1,0,5,1,1,0.334167,0.340267,0.542083,0.167908,307,3791,4098
372,7/1/2012,1,1,1,0,6,0,1,0.393333,0.390779,0.531667,0.174758,1070,3451,4521
373,8/1/2012,1,1,1,0,0,0,1,0.3375,0.340258,0.465,0.191542,599,2826,3425
374,9/1/2012,1,1,1,0,1,1,2,0.224167,0.247479,0.701667,0.0989,106,2270,2376
375,10/1/2012,1,1,1,0,2,1,1,0.308696,0.318826,0.646522,0.187552,173,3425,3598
376,11/1/2012,1,1,1,0,3,1,2,0.274167,0.282821,0.8475,0.131221,92,2085,2177
377,12/1/2012,1,1,1,0,4,1,2,0.3825,0.381938,0.802917,0.180967,269,3828,4097
378,13/1/2012,1,1,1,0,5,1,1,0.274167,0.249362,0.5075,0.378108,174,3040,3214
379,14/1/2012,1,1,1,0,6,0,1,0.18,0.183087,0.4575,0.187183,333,2160,2493
380,15/1/2012,1,1,1,0,0,0,1,0.166667,0.161625,0.419167,0.251258,284,2027,2311
381,16/1/2012,1,1,1,1,1,0,1,0.19,0.190663,0.5225,0.231358,217,2081,2298
382,17/1/2012,1,1,1,0,2,1,2,0.373043,0.364278,0.716087,0.34913,127,2808,2935
383,18/1/2012,1,1,1,0,3,1,1,0.303333,0.275254,0.443333,0.415429,109,3267,3376
384,19/1/2012,1,1,1,0,4,1,1,0.19,0.190038,0.4975,0.220158,130,3162,3292
385,20/1/2012,1,1,1,0,5,1,2,0.2175,0.220958,0.45,0.20275,115,3048,3163
386,21/1/2012,1,1,1,0,6,0,2,0.173333,0.174875,0.83125,0.222642,67,1234,1301
387,22/1/2012,1,1,1,0,0,0,2,0.1625,0.16225,0.79625,0.199638,196,1781,1977
388,23/1/2012,1,1,1,0,1,1,2,0.218333,0.243058,0.91125,0.110708,145,2287,2432
389,24/1/2012,1,1,1,0,2,1,1,0.3425,0.349108,0.835833,0.123767,439,3900,4339
390,25/1/2012,1,1,1,0,3,1,1,0.294167,0.294821,0.64375,0.161071,467,3803,4270
391,26/1/2012,1,1,1,0,4,1,2,0.341667,0.35605,0.769583,0.0733958,244,3831,4075
392,27/1/2012,1,1,1,0,5,1,2,0.425,0.415383,0.74125,0.342667,269,3187,3456
393,28/1/2012,1,1,1,0,6,0,1,0.315833,0.326379,0.543333,0.210829,775,3248,4023
394,29/1/2012,1,1,1,0,0,0,1,0.2825,0.272721,0.31125,0.24005,558,2685,3243
395,30/1/2012,1,1,1,0,1,1,1,0.269167,0.262625,0.400833,0.215792,126,3498,3624
396,31/1/2012,1,1,1,0,2,1,1,0.39,0.381317,0.416667,0.261817,324,4185,4509
397,1/2/2012,1,1,2,0,3,1,1,0.469167,0.466538,0.507917,0.189067,304,4275,4579
398,2/2/2012,1,1,2,0,4,1,2,0.399167,0.398971,0.672917,0.187187,190,3571,3761
399,3/2/2012,1,1,2,0,5,1,1,0.313333,0.309346,0.526667,0.178496,310,3841,4151
400,4/2/2012,1,1,2,0,6,0,2,0.264167,0.272725,0.779583,0.121896,384,2448,2832
401,5/2/2012,1,1,2,0,0,0,2,0.265833,0.264521,0.687917,0.175996,318,2629,2947
402,6/2/2012,1,1,2,0,1,1,1,0.282609,0.296426,0.622174,0.1538,206,3578,3784
403,7/2/2012,1,1,2,0,2,1,1,0.354167,0.361104,0.49625,0.147379,199,4176,4375
404,8/2/2012,1,1,2,0,3,1,2,0.256667,0.266421,0.722917,0.133721,109,2693,2802
405,9/2/2012,1,1,2,0,4,1,1,0.265,0.261988,0.562083,0.194037,163,3667,3830
406,10/2/2012,1,1,2,0,5,1,2,0.280833,0.293558,0.54,0.116929,227,3604,3831
407,11/2/2012,1,1,2,0,6,0,3,0.224167,0.210867,0.73125,0.289796,192,1977,2169
408,12/2/2012,1,1,2,0,0,0,1,0.1275,0.101658,0.464583,0.409212,73,1456,1529
409,13/2/2012,1,1,2,0,1,1,1,0.2225,0.227913,0.41125,0.167283,94,3328,3422
410,14/2/2012,1,1,2,0,2,1,2,0.319167,0.333946,0.50875,0.141179,135,3787,3922
411,15/2/2012,1,1,2,0,3,1,1,0.348333,0.351629,0.53125,0.1816,141,4028,4169
412,16/2/2012,1,1,2,0,4,1,2,0.316667,0.330162,0.752917,0.091425,74,2931,3005
413,17/2/2012,1,1,2,0,5,1,1,0.343333,0.351629,0.634583,0.205846,349,3805,4154
414,18/2/2012,1,1,2,0,6,0,1,0.346667,0.355425,0.534583,0.190929,1435,2883,4318
415,19/2/2012,1,1,2,0,0,0,2,0.28,0.265788,0.515833,0.253112,618,2071,2689
416,20/2/2012,1,1,2,1,1,0,1,0.28,0.273391,0.507826,0.229083,502,2627,3129
417,21/2/2012,1,1,2,0,2,1,1,0.287826,0.295113,0.594348,0.205717,163,3614,3777
418,22/2/2012,1,1,2,0,3,1,1,0.395833,0.392667,0.567917,0.234471,394,4379,4773
419,23/2/2012,1,1,2,0,4,1,1,0.454167,0.444446,0.554583,0.190913,516,4546,5062
420,24/2/2012,1,1,2,0,5,1,2,0.4075,0.410971,0.7375,0.237567,246,3241,3487
421,25/2/2012,1,1,2,0,6,0,1,0.290833,0.255675,0.395833,0.421642,317,2415,2732
422,26/2/2012,1,1,2,0,0,0,1,0.279167,0.268308,0.41,0.205229,515,2874,3389
423,27/2/2012,1,1,2,0,1,1,1,0.366667,0.357954,0.490833,0.268033,253,4069,4322
424,28/2/2012,1,1,2,0,2,1,1,0.359167,0.353525,0.395833,0.193417,229,4134,4363
425,29/2/2012,1,1,2,0,3,1,2,0.344348,0.34847,0.804783,0.179117,65,1769,1834
426,1/3/2012,1,1,3,0,4,1,1,0.485833,0.475371,0.615417,0.226987,325,4665,4990
427,2/3/2012,1,1,3,0,5,1,2,0.353333,0.359842,0.657083,0.144904,246,2948,3194
428,3/3/2012,1,1,3,0,6,0,2,0.414167,0.413492,0.62125,0.161079,956,3110,4066
429,4/3/2012,1,1,3,0,0,0,1,0.325833,0.303021,0.403333,0.334571,710,2713,3423
430,5/3/2012,1,1,3,0,1,1,1,0.243333,0.241171,0.50625,0.228858,203,3130,3333
431,6/3/2012,1,1,3,0,2,1,1,0.258333,0.255042,0.456667,0.200875,221,3735,3956
432,7/3/2012,1,1,3,0,3,1,1,0.404167,0.3851,0.513333,0.345779,432,4484,4916
433,8/3/2012,1,1,3,0,4,1,1,0.5275,0.524604,0.5675,0.441563,486,4896,5382
434,9/3/2012,1,1,3,0,5,1,2,0.410833,0.397083,0.407083,0.4148,447,4122,4569
435,10/3/2012,1,1,3,0,6,0,1,0.2875,0.277767,0.350417,0.22575,968,3150,4118
436,11/3/2012,1,1,3,0,0,0,1,0.361739,0.35967,0.476957,0.222587,1658,3253,4911
437,12/3/2012,1,1,3,0,1,1,1,0.466667,0.459592,0.489167,0.207713,838,4460,5298
438,13/3/2012,1,1,3,0,2,1,1,0.565,0.542929,0.6175,0.23695,762,5085,5847
439,14/3/2012,1,1,3,0,3,1,1,0.5725,0.548617,0.507083,0.115062,997,5315,6312
440,15/3/2012,1,1,3,0,4,1,1,0.5575,0.532825,0.579583,0.149883,1005,5187,6192
441,16/3/2012,1,1,3,0,5,1,2,0.435833,0.436229,0.842083,0.113192,548,3830,4378
442,17/3/2012,1,1,3,0,6,0,2,0.514167,0.505046,0.755833,0.110704,3155,4681,7836
443,18/3/2012,1,1,3,0,0,0,2,0.4725,0.464,0.81,0.126883,2207,3685,5892
444,19/3/2012,1,1,3,0,1,1,1,0.545,0.532821,0.72875,0.162317,982,5171,6153
445,20/3/2012,1,1,3,0,2,1,1,0.560833,0.538533,0.807917,0.121271,1051,5042,6093
446,21/3/2012,2,1,3,0,3,1,2,0.531667,0.513258,0.82125,0.0895583,1122,5108,6230
447,22/3/2012,2,1,3,0,4,1,1,0.554167,0.531567,0.83125,0.117562,1334,5537,6871
448,23/3/2012,2,1,3,0,5,1,2,0.601667,0.570067,0.694167,0.1163,2469,5893,8362
449,24/3/2012,2,1,3,0,6,0,2,0.5025,0.486733,0.885417,0.192783,1033,2339,3372
450,25/3/2012,2,1,3,0,0,0,2,0.4375,0.437488,0.880833,0.220775,1532,3464,4996
451,26/3/2012,2,1,3,0,1,1,1,0.445833,0.43875,0.477917,0.386821,795,4763,5558
452,27/3/2012,2,1,3,0,2,1,1,0.323333,0.315654,0.29,0.187192,531,4571,5102
453,28/3/2012,2,1,3,0,3,1,1,0.484167,0.47095,0.48125,0.291671,674,5024,5698
454,29/3/2012,2,1,3,0,4,1,1,0.494167,0.482304,0.439167,0.31965,834,5299,6133
455,30/3/2012,2,1,3,0,5,1,2,0.37,0.375621,0.580833,0.138067,796,4663,5459
456,31/3/2012,2,1,3,0,6,0,2,0.424167,0.421708,0.738333,0.250617,2301,3934,6235
457,1/4/2012,2,1,4,0,0,0,2,0.425833,0.417287,0.67625,0.172267,2347,3694,6041
458,2/4/2012,2,1,4,0,1,1,1,0.433913,0.427513,0.504348,0.312139,1208,4728,5936
459,3/4/2012,2,1,4,0,2,1,1,0.466667,0.461483,0.396667,0.100133,1348,5424,6772
460,4/4/2012,2,1,4,0,3,1,1,0.541667,0.53345,0.469583,0.180975,1058,5378,6436
461,5/4/2012,2,1,4,0,4,1,1,0.435,0.431163,0.374167,0.219529,1192,5265,6457
462,6/4/2012,2,1,4,0,5,1,1,0.403333,0.390767,0.377083,0.300388,1807,4653,6460
463,7/4/2012,2,1,4,0,6,0,1,0.4375,0.426129,0.254167,0.274871,3252,3605,6857
464,8/4/2012,2,1,4,0,0,0,1,0.5,0.492425,0.275833,0.232596,2230,2939,5169
465,9/4/2012,2,1,4,0,1,1,1,0.489167,0.476638,0.3175,0.358196,905,4680,5585
466,10/4/2012,2,1,4,0,2,1,1,0.446667,0.436233,0.435,0.249375,819,5099,5918
467,11/4/2012,2,1,4,0,3,1,1,0.348696,0.337274,0.469565,0.295274,482,4380,4862
468,12/4/2012,2,1,4,0,4,1,1,0.3975,0.387604,0.46625,0.290429,663,4746,5409
469,13/4/2012,2,1,4,0,5,1,1,0.4425,0.431808,0.408333,0.155471,1252,5146,6398
470,14/4/2012,2,1,4,0,6,0,1,0.495,0.487996,0.502917,0.190917,2795,4665,7460
471,15/4/2012,2,1,4,0,0,0,1,0.606667,0.573875,0.507917,0.225129,2846,4286,7132
472,16/4/2012,2,1,4,1,1,0,1,0.664167,0.614925,0.561667,0.284829,1198,5172,6370
473,17/4/2012,2,1,4,0,2,1,1,0.608333,0.598487,0.390417,0.273629,989,5702,6691
474,18/4/2012,2,1,4,0,3,1,2,0.463333,0.457038,0.569167,0.167912,347,4020,4367
475,19/4/2012,2,1,4,0,4,1,1,0.498333,0.493046,0.6125,0.0659292,846,5719,6565
476,20/4/2012,2,1,4,0,5,1,1,0.526667,0.515775,0.694583,0.149871,1340,5950,7290
477,21/4/2012,2,1,4,0,6,0,1,0.57,0.542921,0.682917,0.283587,2541,4083,6624
478,22/4/2012,2,1,4,0,0,0,3,0.396667,0.389504,0.835417,0.344546,120,907,1027
479,23/4/2012,2,1,4,0,1,1,2,0.321667,0.301125,0.766667,0.303496,195,3019,3214
480,24/4/2012,2,1,4,0,2,1,1,0.413333,0.405283,0.454167,0.249383,518,5115,5633
481,25/4/2012,2,1,4,0,3,1,1,0.476667,0.470317,0.427917,0.118792,655,5541,6196
482,26/4/2012,2,1,4,0,4,1,2,0.498333,0.483583,0.756667,0.176625,475,4551,5026
483,27/4/2012,2,1,4,0,5,1,1,0.4575,0.452637,0.400833,0.347633,1014,5219,6233
484,28/4/2012,2,1,4,0,6,0,2,0.376667,0.377504,0.489583,0.129975,1120,3100,4220
485,29/4/2012,2,1,4,0,0,0,1,0.458333,0.450121,0.587083,0.116908,2229,4075,6304
486,30/4/2012,2,1,4,0,1,1,2,0.464167,0.457696,0.57,0.171638,665,4907,5572
487,1/5/2012,2,1,5,0,2,1,2,0.613333,0.577021,0.659583,0.156096,653,5087,5740
488,2/5/2012,2,1,5,0,3,1,1,0.564167,0.537896,0.797083,0.138058,667,5502,6169
489,3/5/2012,2,1,5,0,4,1,2,0.56,0.537242,0.768333,0.133696,764,5657,6421
490,4/5/2012,2,1,5,0,5,1,1,0.6275,0.590917,0.735417,0.162938,1069,5227,6296
491,5/5/2012,2,1,5,0,6,0,2,0.621667,0.584608,0.756667,0.152992,2496,4387,6883
492,6/5/2012,2,1,5,0,0,0,2,0.5625,0.546737,0.74,0.149879,2135,4224,6359
493,7/5/2012,2,1,5,0,1,1,2,0.5375,0.527142,0.664167,0.230721,1008,5265,6273
494,8/5/2012,2,1,5,0,2,1,2,0.581667,0.557471,0.685833,0.296029,738,4990,5728
495,9/5/2012,2,1,5,0,3,1,2,0.575,0.553025,0.744167,0.216412,620,4097,4717
496,10/5/2012,2,1,5,0,4,1,1,0.505833,0.491783,0.552083,0.314063,1026,5546,6572
497,11/5/2012,2,1,5,0,5,1,1,0.533333,0.520833,0.360417,0.236937,1319,5711,7030
498,12/5/2012,2,1,5,0,6,0,1,0.564167,0.544817,0.480417,0.123133,2622,4807,7429
499,13/5/2012,2,1,5,0,0,0,1,0.6125,0.585238,0.57625,0.225117,2172,3946,6118
500,14/5/2012,2,1,5,0,1,1,2,0.573333,0.5499,0.789583,0.212692,342,2501,2843
501,15/5/2012,2,1,5,0,2,1,2,0.611667,0.576404,0.794583,0.147392,625,4490,5115
502,16/5/2012,2,1,5,0,3,1,1,0.636667,0.595975,0.697917,0.122512,991,6433,7424
503,17/5/2012,2,1,5,0,4,1,1,0.593333,0.572613,0.52,0.229475,1242,6142,7384
504,18/5/2012,2,1,5,0,5,1,1,0.564167,0.551121,0.523333,0.136817,1521,6118,7639
505,19/5/2012,2,1,5,0,6,0,1,0.6,0.566908,0.45625,0.083975,3410,4884,8294
506,20/5/2012,2,1,5,0,0,0,1,0.620833,0.583967,0.530417,0.254367,2704,4425,7129
507,21/5/2012,2,1,5,0,1,1,2,0.598333,0.565667,0.81125,0.233204,630,3729,4359
508,22/5/2012,2,1,5,0,2,1,2,0.615,0.580825,0.765833,0.118167,819,5254,6073
509,23/5/2012,2,1,5,0,3,1,2,0.621667,0.584612,0.774583,0.102,766,4494,5260
510,24/5/2012,2,1,5,0,4,1,1,0.655,0.6067,0.716667,0.172896,1059,5711,6770
511,25/5/2012,2,1,5,0,5,1,1,0.68,0.627529,0.747083,0.14055,1417,5317,6734
512,26/5/2012,2,1,5,0,6,0,1,0.6925,0.642696,0.7325,0.198992,2855,3681,6536
513,27/5/2012,2,1,5,0,0,0,1,0.69,0.641425,0.697083,0.215171,3283,3308,6591
514,28/5/2012,2,1,5,1,1,0,1,0.7125,0.6793,0.67625,0.196521,2557,3486,6043
515,29/5/2012,2,1,5,0,2,1,1,0.7225,0.672992,0.684583,0.2954,880,4863,5743
516,30/5/2012,2,1,5,0,3,1,2,0.656667,0.611129,0.67,0.134329,745,6110,6855
517,31/5/2012,2,1,5,0,4,1,1,0.68,0.631329,0.492917,0.195279,1100,6238,7338
518,1/6/2012,2,1,6,0,5,1,2,0.654167,0.607962,0.755417,0.237563,533,3594,4127
519,2/6/2012,2,1,6,0,6,0,1,0.583333,0.566288,0.549167,0.186562,2795,5325,8120
520,3/6/2012,2,1,6,0,0,0,1,0.6025,0.575133,0.493333,0.184087,2494,5147,7641
521,4/6/2012,2,1,6,0,1,1,1,0.5975,0.578283,0.487083,0.284833,1071,5927,6998
522,5/6/2012,2,1,6,0,2,1,2,0.540833,0.525892,0.613333,0.209575,968,6033,7001
523,6/6/2012,2,1,6,0,3,1,1,0.554167,0.542292,0.61125,0.077125,1027,6028,7055
524,7/6/2012,2,1,6,0,4,1,1,0.6025,0.569442,0.567083,0.15735,1038,6456,7494
525,8/6/2012,2,1,6,0,5,1,1,0.649167,0.597862,0.467917,0.175383,1488,6248,7736
526,9/6/2012,2,1,6,0,6,0,1,0.710833,0.648367,0.437083,0.144287,2708,4790,7498
527,10/6/2012,2,1,6,0,0,0,1,0.726667,0.663517,0.538333,0.133721,2224,4374,6598
528,11/6/2012,2,1,6,0,1,1,2,0.720833,0.659721,0.587917,0.207713,1017,5647,6664
529,12/6/2012,2,1,6,0,2,1,2,0.653333,0.597875,0.833333,0.214546,477,4495,4972
530,13/6/2012,2,1,6,0,3,1,1,0.655833,0.611117,0.582083,0.343279,1173,6248,7421
531,14/6/2012,2,1,6,0,4,1,1,0.648333,0.624383,0.569583,0.253733,1180,6183,7363
532,15/6/2012,2,1,6,0,5,1,1,0.639167,0.599754,0.589583,0.176617,1563,6102,7665
533,16/6/2012,2,1,6,0,6,0,1,0.631667,0.594708,0.504167,0.166667,2963,4739,7702
534,17/6/2012,2,1,6,0,0,0,1,0.5925,0.571975,0.59875,0.144904,2634,4344,6978
535,18/6/2012,2,1,6,0,1,1,2,0.568333,0.544842,0.777917,0.174746,653,4446,5099
536,19/6/2012,2,1,6,0,2,1,1,0.688333,0.654692,0.69,0.148017,968,5857,6825
537,20/6/2012,2,1,6,0,3,1,1,0.7825,0.720975,0.592083,0.113812,872,5339,6211
538,21/6/2012,3,1,6,0,4,1,1,0.805833,0.752542,0.567917,0.118787,778,5127,5905
539,22/6/2012,3,1,6,0,5,1,1,0.7775,0.724121,0.57375,0.182842,964,4859,5823
540,23/6/2012,3,1,6,0,6,0,1,0.731667,0.652792,0.534583,0.179721,2657,4801,7458
541,24/6/2012,3,1,6,0,0,0,1,0.743333,0.674254,0.479167,0.145525,2551,4340,6891
542,25/6/2012,3,1,6,0,1,1,1,0.715833,0.654042,0.504167,0.300383,1139,5640,6779
543,26/6/2012,3,1,6,0,2,1,1,0.630833,0.594704,0.373333,0.347642,1077,6365,7442
544,27/6/2012,3,1,6,0,3,1,1,0.6975,0.640792,0.36,0.271775,1077,6258,7335
545,28/6/2012,3,1,6,0,4,1,1,0.749167,0.675512,0.4225,0.17165,921,5958,6879
546,29/6/2012,3,1,6,0,5,1,1,0.834167,0.786613,0.48875,0.165417,829,4634,5463
547,30/6/2012,3,1,6,0,6,0,1,0.765,0.687508,0.60125,0.161071,1455,4232,5687
548,1/7/2012,3,1,7,0,0,0,1,0.815833,0.750629,0.51875,0.168529,1421,4110,5531
549,2/7/2012,3,1,7,0,1,1,1,0.781667,0.702038,0.447083,0.195267,904,5323,6227
550,3/7/2012,3,1,7,0,2,1,1,0.780833,0.70265,0.492083,0.126237,1052,5608,6660
551,4/7/2012,3,1,7,1,3,0,1,0.789167,0.732337,0.53875,0.13495,2562,4841,7403
552,5/7/2012,3,1,7,0,4,1,1,0.8275,0.761367,0.457917,0.194029,1405,4836,6241
553,6/7/2012,3,1,7,0,5,1,1,0.828333,0.752533,0.450833,0.146142,1366,4841,6207
554,7/7/2012,3,1,7,0,6,0,1,0.861667,0.804913,0.492083,0.163554,1448,3392,4840
555,8/7/2012,3,1,7,0,0,0,1,0.8225,0.790396,0.57375,0.125629,1203,3469,4672
556,9/7/2012,3,1,7,0,1,1,2,0.710833,0.654054,0.683333,0.180975,998,5571,6569
557,10/7/2012,3,1,7,0,2,1,2,0.720833,0.664796,0.6675,0.151737,954,5336,6290
558,11/7/2012,3,1,7,0,3,1,1,0.716667,0.650271,0.633333,0.151733,975,6289,7264
559,12/7/2012,3,1,7,0,4,1,1,0.715833,0.654683,0.529583,0.146775,1032,6414,7446
560,13/7/2012,3,1,7,0,5,1,2,0.731667,0.667933,0.485833,0.08085,1511,5988,7499
561,14/7/2012,3,1,7,0,6,0,2,0.703333,0.666042,0.699167,0.143679,2355,4614,6969
562,15/7/2012,3,1,7,0,0,0,1,0.745833,0.705196,0.717917,0.166667,1920,4111,6031
563,16/7/2012,3,1,7,0,1,1,1,0.763333,0.724125,0.645,0.164187,1088,5742,6830
564,17/7/2012,3,1,7,0,2,1,1,0.818333,0.755683,0.505833,0.114429,921,5865,6786
565,18/7/2012,3,1,7,0,3,1,1,0.793333,0.745583,0.577083,0.137442,799,4914,5713
566,19/7/2012,3,1,7,0,4,1,1,0.77,0.714642,0.600417,0.165429,888,5703,6591
567,20/7/2012,3,1,7,0,5,1,2,0.665833,0.613025,0.844167,0.208967,747,5123,5870
568,21/7/2012,3,1,7,0,6,0,3,0.595833,0.549912,0.865417,0.2133,1264,3195,4459
569,22/7/2012,3,1,7,0,0,0,2,0.6675,0.623125,0.7625,0.0939208,2544,4866,7410
570,23/7/2012,3,1,7,0,1,1,1,0.741667,0.690017,0.694167,0.138683,1135,5831,6966
571,24/7/2012,3,1,7,0,2,1,1,0.750833,0.70645,0.655,0.211454,1140,6452,7592
572,25/7/2012,3,1,7,0,3,1,1,0.724167,0.654054,0.45,0.1648,1383,6790,8173
573,26/7/2012,3,1,7,0,4,1,1,0.776667,0.739263,0.596667,0.284813,1036,5825,6861
574,27/7/2012,3,1,7,0,5,1,1,0.781667,0.734217,0.594583,0.152992,1259,5645,6904
575,28/7/2012,3,1,7,0,6,0,1,0.755833,0.697604,0.613333,0.15735,2234,4451,6685
576,29/7/2012,3,1,7,0,0,0,1,0.721667,0.667933,0.62375,0.170396,2153,4444,6597
577,30/7/2012,3,1,7,0,1,1,1,0.730833,0.684987,0.66875,0.153617,1040,6065,7105
578,31/7/2012,3,1,7,0,2,1,1,0.713333,0.662896,0.704167,0.165425,968,6248,7216
579,1/8/2012,3,1,8,0,3,1,1,0.7175,0.667308,0.6775,0.141179,1074,6506,7580
580,2/8/2012,3,1,8,0,4,1,1,0.7525,0.707088,0.659583,0.129354,983,6278,7261
581,3/8/2012,3,1,8,0,5,1,2,0.765833,0.722867,0.6425,0.215792,1328,5847,7175
582,4/8/2012,3,1,8,0,6,0,1,0.793333,0.751267,0.613333,0.257458,2345,4479,6824
583,5/8/2012,3,1,8,0,0,0,1,0.769167,0.731079,0.6525,0.290421,1707,3757,5464
584,6/8/2012,3,1,8,0,1,1,2,0.7525,0.710246,0.654167,0.129354,1233,5780,7013
585,7/8/2012,3,1,8,0,2,1,2,0.735833,0.697621,0.70375,0.116908,1278,5995,7273
586,8/8/2012,3,1,8,0,3,1,2,0.75,0.707717,0.672917,0.1107,1263,6271,7534
587,9/8/2012,3,1,8,0,4,1,1,0.755833,0.699508,0.620417,0.1561,1196,6090,7286
588,10/8/2012,3,1,8,0,5,1,2,0.715833,0.667942,0.715833,0.238813,1065,4721,5786
589,11/8/2012,3,1,8,0,6,0,2,0.6925,0.638267,0.732917,0.206479,2247,4052,6299
590,12/8/2012,3,1,8,0,0,0,1,0.700833,0.644579,0.530417,0.122512,2182,4362,6544
591,13/8/2012,3,1,8,0,1,1,1,0.720833,0.662254,0.545417,0.136212,1207,5676,6883
592,14/8/2012,3,1,8,0,2,1,1,0.726667,0.676779,0.686667,0.169158,1128,5656,6784
593,15/8/2012,3,1,8,0,3,1,1,0.706667,0.654037,0.619583,0.169771,1198,6149,7347
594,16/8/2012,3,1,8,0,4,1,1,0.719167,0.654688,0.519167,0.141796,1338,6267,7605
595,17/8/2012,3,1,8,0,5,1,1,0.723333,0.2424,0.570833,0.231354,1483,5665,7148
596,18/8/2012,3,1,8,0,6,0,1,0.678333,0.618071,0.603333,0.177867,2827,5038,7865
597,19/8/2012,3,1,8,0,0,0,2,0.635833,0.603554,0.711667,0.08645,1208,3341,4549
598,20/8/2012,3,1,8,0,1,1,2,0.635833,0.595967,0.734167,0.129979,1026,5504,6530
599,21/8/2012,3,1,8,0,2,1,1,0.649167,0.601025,0.67375,0.0727708,1081,5925,7006
600,22/8/2012,3,1,8,0,3,1,1,0.6675,0.621854,0.677083,0.0702833,1094,6281,7375
601,23/8/2012,3,1,8,0,4,1,1,0.695833,0.637008,0.635833,0.0845958,1363,6402,7765
602,24/8/2012,3,1,8,0,5,1,2,0.7025,0.6471,0.615,0.0721458,1325,6257,7582
603,25/8/2012,3,1,8,0,6,0,2,0.661667,0.618696,0.712917,0.244408,1829,4224,6053
604,26/8/2012,3,1,8,0,0,0,2,0.653333,0.595996,0.845833,0.228858,1483,3772,5255
605,27/8/2012,3,1,8,0,1,1,1,0.703333,0.654688,0.730417,0.128733,989,5928,6917
606,28/8/2012,3,1,8,0,2,1,1,0.728333,0.66605,0.62,0.190925,935,6105,7040
607,29/8/2012,3,1,8,0,3,1,1,0.685,0.635733,0.552083,0.112562,1177,6520,7697
608,30/8/2012,3,1,8,0,4,1,1,0.706667,0.652779,0.590417,0.0771167,1172,6541,7713
609,31/8/2012,3,1,8,0,5,1,1,0.764167,0.6894,0.5875,0.168533,1433,5917,7350
610,1/9/2012,3,1,9,0,6,0,2,0.753333,0.702654,0.638333,0.113187,2352,3788,6140
611,2/9/2012,3,1,9,0,0,0,2,0.696667,0.649,0.815,0.0640708,2613,3197,5810
612,3/9/2012,3,1,9,1,1,0,1,0.7075,0.661629,0.790833,0.151121,1965,4069,6034
613,4/9/2012,3,1,9,0,2,1,1,0.725833,0.686888,0.755,0.236321,867,5997,6864
614,5/9/2012,3,1,9,0,3,1,1,0.736667,0.708983,0.74125,0.187808,832,6280,7112
615,6/9/2012,3,1,9,0,4,1,2,0.696667,0.655329,0.810417,0.142421,611,5592,6203
616,7/9/2012,3,1,9,0,5,1,1,0.703333,0.657204,0.73625,0.171646,1045,6459,7504
617,8/9/2012,3,1,9,0,6,0,2,0.659167,0.611121,0.799167,0.281104,1557,4419,5976
618,9/9/2012,3,1,9,0,0,0,1,0.61,0.578925,0.5475,0.224496,2570,5657,8227
619,10/9/2012,3,1,9,0,1,1,1,0.583333,0.565654,0.50375,0.258713,1118,6407,7525
620,11/9/2012,3,1,9,0,2,1,1,0.5775,0.554292,0.52,0.0920542,1070,6697,7767
621,12/9/2012,3,1,9,0,3,1,1,0.599167,0.570075,0.577083,0.131846,1050,6820,7870
622,13/9/2012,3,1,9,0,4,1,1,0.6125,0.579558,0.637083,0.0827208,1054,6750,7804
623,14/9/2012,3,1,9,0,5,1,1,0.633333,0.594083,0.6725,0.103863,1379,6630,8009
624,15/9/2012,3,1,9,0,6,0,1,0.608333,0.585867,0.501667,0.247521,3160,5554,8714
625,16/9/2012,3,1,9,0,0,0,1,0.58,0.563125,0.57,0.0901833,2166,5167,7333
626,17/9/2012,3,1,9,0,1,1,2,0.580833,0.55305,0.734583,0.151742,1022,5847,6869
627,18/9/2012,3,1,9,0,2,1,2,0.623333,0.565067,0.8725,0.357587,371,3702,4073
628,19/9/2012,3,1,9,0,3,1,1,0.5525,0.540404,0.536667,0.215175,788,6803,7591
629,20/9/2012,3,1,9,0,4,1,1,0.546667,0.532192,0.618333,0.118167,939,6781,7720
630,21/9/2012,3,1,9,0,5,1,1,0.599167,0.571971,0.66875,0.154229,1250,6917,8167
631,22/9/2012,3,1,9,0,6,0,1,0.65,0.610488,0.646667,0.283583,2512,5883,8395
632,23/9/2012,4,1,9,0,0,0,1,0.529167,0.518933,0.467083,0.223258,2454,5453,7907
633,24/9/2012,4,1,9,0,1,1,1,0.514167,0.502513,0.492917,0.142404,1001,6435,7436
634,25/9/2012,4,1,9,0,2,1,1,0.55,0.544179,0.57,0.236321,845,6693,7538
635,26/9/2012,4,1,9,0,3,1,1,0.635,0.596613,0.630833,0.2444,787,6946,7733
636,27/9/2012,4,1,9,0,4,1,2,0.65,0.607975,0.690833,0.134342,751,6642,7393
637,28/9/2012,4,1,9,0,5,1,2,0.619167,0.585863,0.69,0.164179,1045,6370,7415
638,29/9/2012,4,1,9,0,6,0,1,0.5425,0.530296,0.542917,0.227604,2589,5966,8555
639,30/9/2012,4,1,9,0,0,0,1,0.526667,0.517663,0.583333,0.134958,2015,4874,6889
640,1/10/2012,4,1,10,0,1,1,2,0.520833,0.512,0.649167,0.0908042,763,6015,6778
641,2/10/2012,4,1,10,0,2,1,3,0.590833,0.542333,0.871667,0.104475,315,4324,4639
642,3/10/2012,4,1,10,0,3,1,2,0.6575,0.599133,0.79375,0.0665458,728,6844,7572
643,4/10/2012,4,1,10,0,4,1,2,0.6575,0.607975,0.722917,0.117546,891,6437,7328
644,5/10/2012,4,1,10,0,5,1,1,0.615,0.580187,0.6275,0.10635,1516,6640,8156
645,6/10/2012,4,1,10,0,6,0,1,0.554167,0.538521,0.664167,0.268025,3031,4934,7965
646,7/10/2012,4,1,10,0,0,0,2,0.415833,0.419813,0.708333,0.141162,781,2729,3510
647,8/10/2012,4,1,10,1,1,0,2,0.383333,0.387608,0.709583,0.189679,874,4604,5478
648,9/10/2012,4,1,10,0,2,1,2,0.446667,0.438112,0.761667,0.1903,601,5791,6392
649,10/10/2012,4,1,10,0,3,1,1,0.514167,0.503142,0.630833,0.187821,780,6911,7691
650,11/10/2012,4,1,10,0,4,1,1,0.435,0.431167,0.463333,0.181596,834,6736,7570
651,12/10/2012,4,1,10,0,5,1,1,0.4375,0.433071,0.539167,0.235092,1060,6222,7282
652,13/10/2012,4,1,10,0,6,0,1,0.393333,0.391396,0.494583,0.146142,2252,4857,7109
653,14/10/2012,4,1,10,0,0,0,1,0.521667,0.508204,0.640417,0.278612,2080,4559,6639
654,15/10/2012,4,1,10,0,1,1,2,0.561667,0.53915,0.7075,0.296037,760,5115,5875
655,16/10/2012,4,1,10,0,2,1,1,0.468333,0.460846,0.558333,0.182221,922,6612,7534
656,17/10/2012,4,1,10,0,3,1,1,0.455833,0.450108,0.692917,0.101371,979,6482,7461
657,18/10/2012,4,1,10,0,4,1,2,0.5225,0.512625,0.728333,0.236937,1008,6501,7509
658,19/10/2012,4,1,10,0,5,1,2,0.563333,0.537896,0.815,0.134954,753,4671,5424
659,20/10/2012,4,1,10,0,6,0,1,0.484167,0.472842,0.572917,0.117537,2806,5284,8090
660,21/10/2012,4,1,10,0,0,0,1,0.464167,0.456429,0.51,0.166054,2132,4692,6824
661,22/10/2012,4,1,10,0,1,1,1,0.4875,0.482942,0.568333,0.0814833,830,6228,7058
662,23/10/2012,4,1,10,0,2,1,1,0.544167,0.530304,0.641667,0.0945458,841,6625,7466
663,24/10/2012,4,1,10,0,3,1,1,0.5875,0.558721,0.63625,0.0727792,795,6898,7693
664,25/10/2012,4,1,10,0,4,1,2,0.55,0.529688,0.800417,0.124375,875,6484,7359
665,26/10/2012,4,1,10,0,5,1,2,0.545833,0.52275,0.807083,0.132467,1182,6262,7444
666,27/10/2012,4,1,10,0,6,0,2,0.53,0.515133,0.72,0.235692,2643,5209,7852
667,28/10/2012,4,1,10,0,0,0,2,0.4775,0.467771,0.694583,0.398008,998,3461,4459
668,29/10/2012,4,1,10,0,1,1,3,0.44,0.4394,0.88,0.3582,2,20,22
669,30/10/2012,4,1,10,0,2,1,2,0.318182,0.309909,0.825455,0.213009,87,1009,1096
670,31/10/2012,4,1,10,0,3,1,2,0.3575,0.3611,0.666667,0.166667,419,5147,5566
671,1/11/2012,4,1,11,0,4,1,2,0.365833,0.369942,0.581667,0.157346,466,5520,5986
672,2/11/2012,4,1,11,0,5,1,1,0.355,0.356042,0.522083,0.266175,618,5229,5847
673,3/11/2012,4,1,11,0,6,0,2,0.343333,0.323846,0.49125,0.270529,1029,4109,5138
674,4/11/2012,4,1,11,0,0,0,1,0.325833,0.329538,0.532917,0.179108,1201,3906,5107
675,5/11/2012,4,1,11,0,1,1,1,0.319167,0.308075,0.494167,0.236325,378,4881,5259
676,6/11/2012,4,1,11,0,2,1,1,0.280833,0.281567,0.567083,0.173513,466,5220,5686
677,7/11/2012,4,1,11,0,3,1,2,0.295833,0.274621,0.5475,0.304108,326,4709,5035
678,8/11/2012,4,1,11,0,4,1,1,0.352174,0.341891,0.333478,0.347835,340,4975,5315
679,9/11/2012,4,1,11,0,5,1,1,0.361667,0.355413,0.540833,0.214558,709,5283,5992
680,10/11/2012,4,1,11,0,6,0,1,0.389167,0.393937,0.645417,0.0578458,2090,4446,6536
681,11/11/2012,4,1,11,0,0,0,1,0.420833,0.421713,0.659167,0.1275,2290,4562,6852
682,12/11/2012,4,1,11,1,1,0,1,0.485,0.475383,0.741667,0.173517,1097,5172,6269
683,13/11/2012,4,1,11,0,2,1,2,0.343333,0.323225,0.662917,0.342046,327,3767,4094
684,14/11/2012,4,1,11,0,3,1,1,0.289167,0.281563,0.552083,0.199625,373,5122,5495
685,15/11/2012,4,1,11,0,4,1,2,0.321667,0.324492,0.620417,0.152987,320,5125,5445
686,16/11/2012,4,1,11,0,5,1,1,0.345,0.347204,0.524583,0.171025,484,5214,5698
687,17/11/2012,4,1,11,0,6,0,1,0.325,0.326383,0.545417,0.179729,1313,4316,5629
688,18/11/2012,4,1,11,0,0,0,1,0.3425,0.337746,0.692917,0.227612,922,3747,4669
689,19/11/2012,4,1,11,0,1,1,2,0.380833,0.375621,0.623333,0.235067,449,5050,5499
690,20/11/2012,4,1,11,0,2,1,2,0.374167,0.380667,0.685,0.082725,534,5100,5634
691,21/11/2012,4,1,11,0,3,1,1,0.353333,0.364892,0.61375,0.103246,615,4531,5146
692,22/11/2012,4,1,11,1,4,0,1,0.34,0.350371,0.580417,0.0528708,955,1470,2425
693,23/11/2012,4,1,11,0,5,1,1,0.368333,0.378779,0.56875,0.148021,1603,2307,3910
694,24/11/2012,4,1,11,0,6,0,1,0.278333,0.248742,0.404583,0.376871,532,1745,2277
695,25/11/2012,4,1,11,0,0,0,1,0.245833,0.257583,0.468333,0.1505,309,2115,2424
696,26/11/2012,4,1,11,0,1,1,1,0.313333,0.339004,0.535417,0.04665,337,4750,5087
697,27/11/2012,4,1,11,0,2,1,2,0.291667,0.281558,0.786667,0.237562,123,3836,3959
698,28/11/2012,4,1,11,0,3,1,1,0.296667,0.289762,0.50625,0.210821,198,5062,5260
699,29/11/2012,4,1,11,0,4,1,1,0.28087,0.298422,0.555652,0.115522,243,5080,5323
700,30/11/2012,4,1,11,0,5,1,1,0.298333,0.323867,0.649583,0.0584708,362,5306,5668
701,1/12/2012,4,1,12,0,6,0,2,0.298333,0.316904,0.806667,0.0597042,951,4240,5191
702,2/12/2012,4,1,12,0,0,0,2,0.3475,0.359208,0.823333,0.124379,892,3757,4649
703,3/12/2012,4,1,12,0,1,1,1,0.4525,0.455796,0.7675,0.0827208,555,5679,6234
704,4/12/2012,4,1,12,0,2,1,1,0.475833,0.469054,0.73375,0.174129,551,6055,6606
705,5/12/2012,4,1,12,0,3,1,1,0.438333,0.428012,0.485,0.324021,331,5398,5729
706,6/12/2012,4,1,12,0,4,1,1,0.255833,0.258204,0.50875,0.174754,340,5035,5375
707,7/12/2012,4,1,12,0,5,1,2,0.320833,0.321958,0.764167,0.1306,349,4659,5008
708,8/12/2012,4,1,12,0,6,0,2,0.381667,0.389508,0.91125,0.101379,1153,4429,5582
709,9/12/2012,4,1,12,0,0,0,2,0.384167,0.390146,0.905417,0.157975,441,2787,3228
710,10/12/2012,4,1,12,0,1,1,2,0.435833,0.435575,0.925,0.190308,329,4841,5170
711,11/12/2012,4,1,12,0,2,1,2,0.353333,0.338363,0.596667,0.296037,282,5219,5501
712,12/12/2012,4,1,12,0,3,1,2,0.2975,0.297338,0.538333,0.162937,310,5009,5319
713,13/12/2012,4,1,12,0,4,1,1,0.295833,0.294188,0.485833,0.174129,425,5107,5532
714,14/12/2012,4,1,12,0,5,1,1,0.281667,0.294192,0.642917,0.131229,429,5182,5611
715,15/12/2012,4,1,12,0,6,0,1,0.324167,0.338383,0.650417,0.10635,767,4280,5047
716,16/12/2012,4,1,12,0,0,0,2,0.3625,0.369938,0.83875,0.100742,538,3248,3786
717,17/12/2012,4,1,12,0,1,1,2,0.393333,0.4015,0.907083,0.0982583,212,4373,4585
718,18/12/2012,4,1,12,0,2,1,1,0.410833,0.409708,0.66625,0.221404,433,5124,5557
719,19/12/2012,4,1,12,0,3,1,1,0.3325,0.342162,0.625417,0.184092,333,4934,5267
720,20/12/2012,4,1,12,0,4,1,2,0.33,0.335217,0.667917,0.132463,314,3814,4128
721,21/12/2012,1,1,12,0,5,1,2,0.326667,0.301767,0.556667,0.374383,221,3402,3623
722,22/12/2012,1,1,12,0,6,0,1,0.265833,0.236113,0.44125,0.407346,205,1544,1749
723,23/12/2012,1,1,12,0,0,0,1,0.245833,0.259471,0.515417,0.133083,408,1379,1787
724,24/12/2012,1,1,12,0,1,1,2,0.231304,0.2589,0.791304,0.0772304,174,746,920
725,25/12/2012,1,1,12,1,2,0,2,0.291304,0.294465,0.734783,0.168726,440,573,1013
726,26/12/2012,1,1,12,0,3,1,3,0.243333,0.220333,0.823333,0.316546,9,432,441
727,27/12/2012,1,1,12,0,4,1,2,0.254167,0.226642,0.652917,0.350133,247,1867,2114
728,28/12/2012,1,1,12,0,5,1,2,0.253333,0.255046,0.59,0.155471,644,2451,3095
729,29/12/2012,1,1,12,0,6,0,2,0.253333,0.2424,0.752917,0.124383,159,1182,1341
730,30/12/2012,1,1,12,0,0,0,1,0.255833,0.2317,0.483333,0.350754,364,1432,1796
731,31/12/2012,1,1,12,0,1,1,2,0.215833,0.223487,0.5775,0.154846,439,2290,2729
